{"epoch":21,"learning_rate":0.0005,"train/l1_error":0.03759233292166685,"test/last_target":[0,0.1538461446762085,0],"train/loss":0.014001186815212093,"_timestamp":1.7558420959574783e+09,"_wandb":{"runtime":458},"test/l1_error":0.03732150462456048,"test/loss":0.013654044610753502,"test/last_prediction":[-0.0016245696460828185,-0.001523120910860598,0.0011617279378697276],"_runtime":458,"_step":20}