{"_timestamp":1.7557724321490498e+09,"epoch":40,"val/loss":0.15451484185991637,"train/rmse":0.3640664563294887,"learning_rate":2.5e-05,"val/final_step":0.15806736344260813,"val/rmse":0.5096652020227994,"train/l1_error":0.28251186329344175,"train/loss":0.06826556422822294,"train/final_step":0.07119022611410354,"_step":20,"val/l1_error":0.44801119728878985,"_runtime":4091,"val/cumulative_error":0.44801119666422995,"_wandb":{"runtime":4091}}