{"_wandb":{"runtime":697},"epoch":24,"test/last_prediction":[-0.0007264837040565908,0.0002165628393413499,0.0016049351543188095],"_step":23,"test/loss":0.013652895345423894,"_timestamp":1.7558435920951798e+09,"_runtime":697,"test/last_target":[0,0.1538461446762085,0],"learning_rate":0.0005,"train/loss":0.014001152615946973,"train/l1_error":0.03758898055278792,"test/l1_error":0.0372604212647231}