{"train/l1_error":0.28091057245024703,"learning_rate":2.5e-05,"val/rmse":0.5134710755984859,"epoch":40,"train/rmse":0.36113161074690286,"train/loss":0.06716623752042751,"_runtime":4137,"val/l1_error":0.4522072551485098,"val/final_step":0.15812065443688875,"_timestamp":1.7557720672712505e+09,"_step":20,"train/final_step":0.07002781186240557,"_wandb":{"runtime":4137},"val/loss":0.15481195806857237,"val/cumulative_error":0.45220725455705374}