{"train/loss":0.06789292938858316,"epoch":40,"val/loss":0.1564911352591898,"val/cumulative_error":0.45085462945694393,"_runtime":2298,"val/rmse":0.5130019944328903,"val/l1_error":0.4508546292450791,"train/l1_error":0.2825736731683599,"learning_rate":2.5e-05,"train/final_step":0.07116248844654792,"_timestamp":1.7557792740850945e+09,"train/rmse":0.3638167167778445,"val/final_step":0.16024498515999633,"_step":20,"_wandb":{"runtime":2298}}