{"_runtime":1281,"_wandb":{"runtime":1281},"val/final_step":0.15605078419817775,"train/final_step":0.07565891312961676,"_step":11,"train/rmse":0.37570614059858376,"learning_rate":2.5e-05,"val/rmse":0.5071919699424604,"_timestamp":1.7557769649888558e+09,"val/loss":1.0207748750271055,"train/loss":0.483999707457529,"val/cumulative_error":0.4463943328721652,"epoch":22,"val/l1_error":0.4463943332363079,"train/l1_error":0.2933005353362506}